City_ID,City,Lat,Lng,Max Temp,Humidity,Cloudiness,Wind Speed,Country,Date
0,olonkinbyen,70.9221,-8.7187,0.53,65,100,9.32,SJ,1700865902
1,atafu village,-8.5421,-172.5159,27.45,78,100,6.51,TK,1700865903
2,badger,64.8,-147.5333,-4.8,85,0,0.0,US,1700865905
3,waitangi,-43.9535,-176.5597,15.46,98,100,7.3,NZ,1700865767
4,porto novo,6.4965,2.6036,27.9,82,100,3.19,BJ,1700865744
5,yellowknife,62.456,-114.3525,-5.88,95,100,3.09,CA,1700865908
6,edinburgh of the seven seas,-37.0676,-12.3116,14.89,95,100,15.8,SH,1700865909
7,coahuayana de hidalgo,18.7,-103.6583,28.65,53,0,2.18,MX,1700865910
8,tenenkou,14.4572,-4.9169,25.56,11,13,3.79,ML,1700865912
9,port-aux-francais,-49.35,70.2167,4.68,78,11,9.83,TF,1700865913
10,vorgashor,67.5833,63.95,-13.67,86,99,3.84,RU,1700865914
11,east london,-33.0153,27.9116,20.77,86,100,1.87,ZA,1700865915
12,taltal,-25.4,-70.4833,18.42,72,23,2.2,CL,1700865916
13,hawaiian paradise park,19.5933,-154.9731,27.73,77,40,5.66,US,1700865917
14,lihue,21.9789,-159.3672,28.58,72,75,3.09,US,1700865812
15,alagoinhas,-12.1356,-38.4192,22.79,84,0,3.78,BR,1700865919
16,chonchi,-42.6128,-73.8092,17.56,70,0,1.16,CL,1700865920
17,puerto ayora,-0.7393,-90.3518,28.98,91,87,4.92,EC,1700865921
18,guerrero negro,27.9769,-114.0611,20.53,58,85,6.01,MX,1700865923
19,pervomayskoye,43.919,46.7102,8.32,94,45,2.89,RU,1700865924
20,hassi messaoud,31.6804,6.0729,14.92,51,40,5.66,DZ,1700865925
21,grytviken,-54.2811,-36.5092,2.24,79,100,4.48,GS,1700865926
22,iquique,-20.2208,-70.1431,21.02,78,28,3.52,CL,1700865912
23,iqaluit,63.7506,-68.5145,-6.15,73,100,4.12,CA,1700865928
24,qaqortoq,60.7167,-46.0333,2.2,91,100,2.97,GL,1700865929
25,hobyo,5.3505,48.5268,27.18,77,98,7.57,SO,1700865930
26,chimore,-16.9833,-65.1333,21.71,99,100,0.11,BO,1700865931
27,remire-montjoly,4.9167,-52.2667,26.02,94,100,0.0,GF,1700865932
28,kovdor,67.5662,30.4758,-6.79,96,100,3.42,RU,1700865934
29,albany,42.6001,-73.9662,-0.99,49,43,0.89,US,1700865723
30,walvis bay,-22.9575,14.5053,17.53,88,15,3.09,NA,1700865936
31,pandan,14.0453,124.1694,26.72,88,100,5.42,PH,1700865937
32,longyearbyen,78.2186,15.6401,-4.09,80,100,2.57,SJ,1700865938
33,ust-nera,64.5667,143.2,-28.63,98,100,3.52,RU,1700865939
34,mount gambier,-37.8333,140.7667,15.67,97,100,1.89,AU,1700865941
35,stanley,54.868,-1.6985,2.62,79,40,5.14,GB,1700865942
36,ixtapa,20.7,-105.2,28.57,45,0,4.63,MX,1700865943
37,hermanus,-34.4187,19.2345,15.29,75,44,2.29,ZA,1700865944
38,caleta de carquin,-11.0925,-77.6267,20.71,80,59,5.36,PE,1700865945
39,mizque,-17.941,-65.3402,17.02,83,100,2.04,BO,1700865946
40,nakhon thai,17.1006,100.8374,19.16,90,23,1.61,TH,1700865947
41,cadale,2.7603,46.3222,26.29,78,100,4.97,SO,1700865948
42,isafjordur,66.0755,-23.124,3.53,92,100,6.01,IS,1700865949
43,kill devil hills,36.0307,-75.676,13.32,76,40,3.6,US,1700865665
44,kayangel,8.0823,134.7173,28.4,78,70,7.44,PW,1700865952
45,geraldton,-28.7667,114.6,21.23,78,100,2.06,AU,1700865953
46,ushuaia,-54.8,-68.3,10.81,62,0,10.29,AR,1700865676
47,ribeira grande,38.5167,-28.7,18.22,94,75,1.34,PT,1700865955
48,tolanaro,-25.0319,46.9987,24.04,78,40,5.14,MG,1700865956
49,papatowai,-46.5619,169.4708,14.42,48,0,4.37,NZ,1700865957
50,knysna,-34.0363,23.0471,17.03,88,77,1.02,ZA,1700865958
51,anadyr,64.75,177.4833,-2.72,74,100,3.0,RU,1700865959
52,tateyama,34.9833,139.8667,11.17,54,94,5.23,JP,1700865960
53,glace bay,46.1969,-59.957,1.79,78,75,2.57,CA,1700865808
54,aasiaat,68.7098,-52.8699,-7.68,82,100,4.18,GL,1700865963
55,thompson,55.7435,-97.8558,-1.91,69,20,5.14,CA,1700865964
56,vasylivka,47.4369,35.2742,5.86,77,100,3.14,UA,1700865965
57,mata-utu,-13.2816,-176.1745,28.07,77,97,4.2,WF,1700865966
58,kapuskasing,49.4169,-82.4331,-8.95,57,20,3.09,CA,1700865967
59,tiksi,71.6872,128.8694,-31.88,100,59,0.74,RU,1700865968
60,bethel,41.3712,-73.414,6.17,55,0,4.63,US,1700865705
61,port elizabeth,-33.918,25.5701,19.16,86,100,5.14,ZA,1700865970
62,naracoorte,-36.9579,140.7383,15.29,96,100,5.17,AU,1700865973
63,ingeniero jacobacci,-41.3427,-69.5448,26.71,14,0,5.93,AR,1700865976
64,tazacorte,28.629,-17.9293,21.54,89,75,4.12,ES,1700865977
65,trzebiatow,54.0615,15.2648,4.36,63,57,7.6,PL,1700865824
66,smithers,54.7804,-127.1743,-0.82,93,75,1.54,CA,1700865979
67,nyangao,-10.3333,39.2833,23.17,95,95,1.08,TZ,1700865980
68,adamstown,-25.066,-130.1015,22.13,72,80,8.15,PN,1700865982
69,ngara,-2.5122,30.6558,14.18,95,100,0.74,TZ,1700865983
70,imbituba,-28.24,-48.6703,18.66,74,75,2.57,BR,1700865984
71,selfoss,63.9331,-20.9971,2.31,67,100,2.78,IS,1700865985
72,saipan,15.1355,145.701,28.39,78,75,6.69,MP,1700865986
73,nishinoomote,30.7333,131.0,15.58,70,96,5.77,JP,1700865987
74,port alfred,-33.5906,26.891,17.88,98,100,1.34,ZA,1700865988
75,yuzhno-kurilsk,44.0306,145.8556,-0.35,78,100,13.61,RU,1700865989
76,sao vicente,-23.9631,-46.3919,22.21,26,100,0.45,BR,1700865957
77,nemuro,43.3236,145.575,-2.16,60,92,11.99,JP,1700865992
78,bilibino,68.0546,166.4372,-15.0,90,100,2.06,RU,1700865993
79,khandyga,62.6667,135.6,-36.47,100,100,0.7,RU,1700865994
80,comodoro rivadavia,-45.8667,-67.5,17.92,42,0,3.09,AR,1700865995
81,nahiyat ash shinafiyah,31.5874,44.6602,15.73,37,0,1.99,IQ,1700865996
82,antigonish,45.6169,-61.9986,2.93,80,92,2.68,CA,1700865997
83,puerto natales,-51.7236,-72.4875,12.28,71,100,2.28,CL,1700865998
84,invercargill,-46.4,168.35,14.45,57,0,2.68,NZ,1700866000
85,lompoc,34.6391,-120.4579,21.08,53,0,6.17,US,1700866001
86,tralee,52.2704,-9.7026,7.49,87,100,2.2,IE,1700866002
87,al mawsil al jadidah,36.3346,43.0978,12.09,59,0,0.95,IQ,1700866003
88,fiambala,-27.6871,-67.6149,19.08,65,56,2.5,AR,1700866004
89,ballina,-28.8667,153.5667,22.66,60,100,3.64,AU,1700866005
90,kiunga,-6.1219,141.2906,23.65,97,100,0.31,PG,1700866006
91,choibalsan,48.0667,114.5,-17.9,82,100,1.95,MN,1700866009
92,udachny,66.4167,112.4,-27.53,82,99,1.53,RU,1700866010
93,gisborne,-38.6533,178.0042,13.12,91,100,9.41,NZ,1700866011
94,aykhal,66.0,111.5,-28.01,100,100,2.56,RU,1700866012
95,talnakh,69.4865,88.3972,-23.28,97,42,1.46,RU,1700866013
96,fernie,49.5,-115.0687,0.05,75,1,0.54,CA,1700866014
97,nampula,-15.1165,39.2666,23.97,88,0,2.68,MZ,1700866015
98,horta,38.5333,-28.6333,17.8,91,75,1.34,PT,1700866016
99,noumea,-22.2763,166.4572,25.56,99,25,6.3,NC,1700865575
100,bel ombre,-4.6167,55.4167,24.91,94,40,2.57,SC,1700866019
101,byron bay,-28.65,153.6167,22.62,61,100,3.68,AU,1700865754
102,kondopoga,62.2057,34.2614,-9.59,96,100,1.95,RU,1700866021
103,avarua,-21.2078,-159.775,26.03,73,20,11.32,CK,1700866022
104,taulaga,-11.0553,-171.0883,28.92,77,98,5.92,AS,1700866023
105,belmonte,-15.8631,-38.8828,25.53,84,0,4.99,BR,1700866025
106,richards bay,-28.783,32.0377,23.74,91,72,4.55,ZA,1700866026
107,robore,-18.3333,-59.75,25.05,94,100,0.0,BO,1700866028
108,sisimiut,66.9395,-53.6735,-5.82,71,100,3.51,GL,1700866029
109,wailua homesteads,22.0669,-159.378,28.24,78,75,3.09,US,1700866030
110,dunedin,-45.8742,170.5036,13.78,53,1,3.13,NZ,1700866032
111,laguna,38.421,-121.4238,17.25,30,0,6.69,US,1700866033
112,la sarre,48.8002,-79.1996,-10.28,91,100,3.5,CA,1700866034
113,nikolayevsk-on-amure,53.1406,140.73,-18.62,81,100,6.55,RU,1700866035
114,arraial do cabo,-22.9661,-42.0278,22.98,73,100,6.17,BR,1700866037
115,la'ie,21.6477,-157.9253,28.98,78,29,2.24,US,1700866038
116,puerto san jose,13.9256,-90.8244,27.97,78,76,3.3,GT,1700866040
117,manaquiri,-3.3167,-60.35,31.27,77,95,1.61,BR,1700866041
118,camiri,-20.05,-63.5167,23.88,69,100,1.54,BO,1700866039
119,petropavlovsk-kamchatsky,53.0452,158.6483,-3.08,76,75,5.36,RU,1700866044
120,pangoa,-12.1167,-73.0,24.6,75,63,1.02,PE,1700866045
121,veraval,20.9,70.3667,25.05,56,0,3.66,IN,1700866046
122,blackmans bay,-43.0167,147.3167,15.29,93,100,2.01,AU,1700866047
123,uturoa,-16.7333,-151.4333,25.94,88,100,9.4,PF,1700866048
124,taichung,24.1469,120.6839,18.05,82,40,2.57,TW,1700866049
125,natal,-5.795,-35.2094,27.12,74,20,2.57,BR,1700865803
126,berdigestyakh,62.0989,126.6992,-29.28,96,100,3.22,RU,1700866052
127,newnan,33.3807,-84.7997,15.73,63,80,2.09,US,1700866053
128,ola,59.5833,151.2833,-18.62,89,100,8.66,RU,1700866054
129,linxia chengguanzhen,35.6003,103.2064,-1.35,56,1,0.35,CN,1700866055
130,tsiombe,-25.3,45.4833,22.11,78,0,3.09,MG,1700866056
131,song cau,13.45,109.2167,22.49,82,88,5.28,VN,1700866057
132,ilulissat,69.2167,-51.1,-1.99,50,100,2.06,GL,1700866059
133,axim,4.8699,-2.2405,26.73,82,92,4.61,GH,1700866060
134,tidjikja,18.5564,-11.4271,20.48,19,0,4.91,MR,1700866061
135,kyshtovka,56.555,76.6271,-0.92,97,100,5.81,RU,1700866062
136,kodiak,57.79,-152.4072,7.73,87,100,1.54,US,1700866063
137,chibougamau,49.9168,-74.3659,-14.21,85,100,3.09,CA,1700865802
138,madalena,41.2162,-8.3345,10.3,93,7,0.95,PT,1700866065
139,al qubbah,32.7616,22.2424,14.06,36,65,6.14,LY,1700866066
140,the bottom,17.6259,-63.2492,25.31,76,4,9.15,BQ,1700866068
141,haiku-pauwela,20.9219,-156.3051,30.01,48,20,2.06,US,1700866070
142,sandnessjoen,66.0217,12.6316,-0.88,64,20,4.12,NO,1700866071
143,antofagasta,-23.65,-70.4,19.6,76,46,3.1,CL,1700865963
144,whitehorse,60.7161,-135.0538,4.45,87,75,6.17,CA,1700866073
145,tura,25.5198,90.2201,16.75,82,0,1.5,IN,1700866075
146,port mathurin,-19.6833,63.4167,23.85,69,100,8.75,MU,1700866076
147,st. john's,47.5649,-52.7093,3.97,87,0,5.14,CA,1700865787
148,alaghsas,17.0187,8.0168,24.49,15,98,4.3,NE,1700866078
149,robertsport,6.7533,-11.3686,27.4,81,57,5.11,LR,1700866079
150,malanje,-9.5402,16.341,17.11,98,27,1.87,AO,1700866081
151,amurzet,47.6967,131.0981,-18.7,83,1,4.19,RU,1700866082
152,ko pha ngan,9.7578,100.0291,23.38,72,95,3.33,TH,1700866083
153,enewetak,11.3474,162.3373,27.9,80,18,8.6,MH,1700866084
154,saint-pierre,-21.3393,55.4781,23.09,83,20,1.54,RE,1700866085
155,prince george,53.9166,-122.753,-0.21,84,75,2.06,CA,1700865838
156,estremoz,38.8443,-7.5859,4.78,64,3,1.37,PT,1700866087
157,cochrane,51.1834,-114.4687,3.58,33,20,2.57,CA,1700866089
158,susuman,62.7833,148.1667,-25.52,94,100,2.81,RU,1700866090
159,gualaceo,-2.9,-78.7833,16.81,95,98,1.59,EC,1700866091
160,constantia,44.1833,28.65,9.38,92,100,3.22,RO,1700865865
161,pathein,16.7833,94.7333,21.85,88,27,2.54,MM,1700866093
162,iskateley,67.6803,53.1512,-9.99,94,100,4.92,RU,1700866094
163,yung shue wan,22.2333,114.1167,20.38,71,19,1.79,HK,1700866095
164,el porvenir,13.7617,-87.3458,28.63,77,80,0.85,HN,1700866096
165,revda,56.801,59.9303,-12.24,88,83,2.94,RU,1700866099
166,kuyucak,37.9133,28.4592,14.73,86,91,2.68,TR,1700866100
167,bardai,11.65,7.2333,24.74,44,89,2.5,NG,1700866101
168,belomorsk,64.5232,34.7668,-7.58,83,100,2.54,RU,1700866103
169,mount isa,-20.7333,139.5,23.87,83,100,1.54,AU,1700866104
170,brookings,44.3114,-96.7984,-2.12,42,0,1.54,US,1700866066
171,krasnokamensk,50.0979,118.0369,-25.21,97,50,1.26,RU,1700866107
172,aral,40.5156,81.2636,0.76,35,14,0.36,CN,1700866108
173,pavlodar,52.3,76.95,-2.11,74,0,8.0,KZ,1700866109
174,borba,-4.3878,-59.5939,24.46,87,85,0.52,BR,1700866110
175,benoy,8.9833,16.3199,26.63,34,99,1.44,TD,1700866111
176,mossel bay,-34.1831,22.146,17.21,80,77,2.19,ZA,1700866112
177,margaret river,-33.95,115.0667,19.33,56,8,6.19,AU,1700866113
178,san jose de jachal,-30.2406,-68.7469,22.56,38,41,4.2,AR,1700866115
179,mirny,62.5353,113.9611,-25.43,100,94,0.98,RU,1700866116
180,leava,-14.3,-178.1667,28.1,69,83,3.73,WF,1700866117
181,banda aceh,5.5577,95.3222,25.45,83,95,1.38,ID,1700866118
182,arkalyk,50.2486,66.9114,-6.26,85,99,6.43,KZ,1700866119
183,pisco,-13.7,-76.2167,21.03,73,0,10.8,PE,1700866120
184,ulladulla,-35.35,150.4667,20.43,89,100,5.02,AU,1700866121
185,port saint john's,-31.6229,29.5448,21.54,91,100,0.89,ZA,1700866122
186,mahriz,31.5917,54.4318,6.28,38,28,0.51,IR,1700866124
187,west island,-12.1568,96.8225,25.99,83,75,5.14,CC,1700866125
188,utrik,11.2278,169.8474,27.72,73,93,9.76,MH,1700866126
189,kingston,17.997,-76.7936,29.53,77,20,7.2,JM,1700865961
190,sucua,-2.4667,-78.1667,25.41,64,100,4.63,EC,1700866128
191,sao joao da barra,-21.6403,-41.0511,23.05,85,99,8.38,BR,1700866129
192,balsas,-7.5325,-46.0356,29.44,42,97,2.0,BR,1700865956
193,ares,-6.1944,-35.1603,27.05,74,95,4.08,BR,1700866131
194,ravar,31.2656,56.8055,12.09,53,43,0.44,IR,1700866132
195,bairnsdale,-37.8333,147.6167,24.53,58,93,1.76,AU,1700866133
196,port moresby,-9.4431,147.1797,27.68,83,100,1.54,PG,1700866135
197,bamboo flat,11.7,92.7167,28.05,78,40,3.6,IN,1700866136
198,shevchenko,48.5,35.0,2.73,86,100,2.81,UA,1700866137
199,freetown,8.484,-13.2299,26.56,81,39,3.56,SL,1700865970
200,portland,45.5234,-122.6762,12.33,60,0,2.57,US,1700865858
201,borzya,50.3833,116.5167,-25.93,98,87,1.01,RU,1700866140
202,flin flon,54.7682,-101.865,0.91,60,75,6.69,CA,1700866141
203,college,64.8569,-147.8028,-4.75,85,20,0.0,US,1700866142
204,dudinka,69.4058,86.1778,-29.24,99,16,1.48,RU,1700866144
205,hvardiiske,45.1209,34.0185,11.29,72,100,10.28,UA,1700866146
206,flying fish cove,-10.4217,105.6791,24.82,88,75,3.6,CX,1700866148
207,nova sintra,14.8667,-24.7167,23.58,73,1,8.36,CV,1700866149
208,kruisfontein,-34.0033,24.7314,16.62,88,100,1.14,ZA,1700866150
209,wenchang,30.904,118.4887,5.54,70,0,3.81,CN,1700866152
210,prado,-17.3411,-39.2208,25.38,86,3,4.11,BR,1700866153
211,chernyshevskiy,63.0128,112.4714,-28.32,100,91,0.98,RU,1700866154
212,el tigre,8.8875,-64.2454,27.61,61,33,5.32,VE,1700866155
213,badiyah,22.45,58.8,20.49,83,5,0.94,OM,1700866157
214,okhotsk,59.3833,143.3,-20.69,82,100,9.72,RU,1700866158
215,birobidzhan,48.8,132.95,-16.77,71,1,5.79,RU,1700866160
216,palmer,42.1584,-72.3287,2.65,52,20,3.6,US,1700866156
217,acarau,-2.8856,-40.12,26.8,77,94,7.74,BR,1700866162
218,poronaysk,49.2167,143.1167,-11.11,57,81,6.63,RU,1700866163
219,hasaki,35.7333,140.8333,9.05,52,75,9.49,JP,1700866165
220,egilsstadir,65.2653,-14.3948,-1.05,69,40,2.06,IS,1700866167
221,briancon,44.9,6.65,3.5,89,36,4.23,FR,1700866168
222,heihe,50.2441,127.4902,-18.67,70,0,4.0,CN,1700866169
223,cambria,35.5641,-121.0808,20.79,65,0,1.34,US,1700866170
224,horodenka,48.6727,25.5016,1.87,75,83,0.72,UA,1700866172
225,guiuan,11.0333,125.7247,28.39,77,96,5.11,PH,1700866173
226,champerico,14.3,-91.9167,33.3,72,41,4.18,GT,1700866174
227,minas de marcona,-15.2119,-75.1103,16.81,74,35,6.35,PE,1700866176
228,shakawe,-18.3667,21.85,21.43,79,65,0.95,BW,1700866178
229,fisterra,42.9049,-9.2629,7.64,70,4,1.25,ES,1700866179
230,olinda,-8.0089,-34.8553,27.85,69,40,3.6,BR,1700866180
231,kavieng,-2.5744,150.7967,28.58,74,32,1.7,PG,1700866182
232,vila franca do campo,37.7167,-25.4333,19.23,99,100,2.23,PT,1700866183
233,sandy,40.572,-111.8606,2.1,82,100,3.6,US,1700865888
234,camacupa,-12.0167,17.4833,16.76,97,65,1.32,AO,1700866185
235,washington,47.5001,-120.5015,7.43,51,0,1.15,US,1700865969
236,malango,-2.9627,119.9001,21.35,95,99,0.38,ID,1700866188
237,dauphin,51.1494,-100.0502,-1.92,50,0,7.72,CA,1700866189
238,masterton,-40.9597,175.6575,13.6,65,82,6.08,NZ,1700866190
239,greytown,-29.0642,30.5928,17.88,97,77,1.12,ZA,1700866191
240,oranjemund,-28.55,16.4333,16.01,88,6,5.12,NA,1700866192
241,ar rutbah,33.0381,40.2848,12.53,72,4,3.57,IQ,1700866193
242,hammerfest,70.6634,23.6821,-2.75,93,75,0.51,NO,1700866194
243,meadow lakes,61.6247,-149.6011,2.73,89,100,0.0,US,1700866195
244,bredasdorp,-34.5322,20.0403,14.23,75,52,0.53,ZA,1700866197
245,eureka,40.8021,-124.1637,14.55,61,0,4.02,US,1700866198
246,burang,30.25,81.1667,-4.07,64,2,1.45,CN,1700866200
247,roma,43.2128,-75.4557,-0.66,62,75,4.12,US,1700866201
248,veinticinco de mayo,-35.4323,-60.1727,22.77,42,88,0.45,AR,1700866202
249,sol'-iletsk,51.1631,54.9918,2.33,98,100,10.39,RU,1700866204
250,qarqaraly,49.4058,75.4742,-4.33,81,100,7.98,KZ,1700866205
251,jastrowie,53.4205,16.8176,0.01,87,67,3.04,PL,1700865838
252,glazunovka,52.4986,36.3275,0.4,91,100,6.93,RU,1700866207
253,tangalle,6.024,80.7911,24.08,91,68,3.54,LK,1700866208
254,afua,-0.1567,-50.3867,27.46,72,21,4.62,BR,1700866210
255,klyuchi,52.2667,79.1667,-1.09,73,96,8.26,RU,1700866211
256,nuuk,64.1835,-51.7216,-0.66,69,75,2.06,GL,1700865958
257,sur,22.5667,59.5289,24.35,70,8,4.33,OM,1700866213
258,nuku'alofa,-21.1333,-175.2,27.19,78,20,2.06,TO,1700866214
259,falkenberg,56.9055,12.4912,1.64,79,71,5.86,SE,1700866216
260,newnham,-41.3833,147.1333,16.03,94,75,4.12,AU,1700866217
261,messina,38.1933,15.5497,15.89,72,18,2.57,IT,1700866218
262,mahina,-17.5065,-149.489,29.87,70,40,3.09,PF,1700866219
263,sao paulo de olivenca,-3.3783,-68.8725,24.0,93,100,1.0,BR,1700865926
264,tanabi,-20.6264,-49.6492,26.12,72,64,5.78,BR,1700866222
265,nova vicosa,-17.8919,-39.3719,25.45,88,29,3.33,BR,1700866186
266,emerald,-23.5333,148.1667,20.75,92,100,3.99,AU,1700866224
267,chaibasa,22.5667,85.8167,16.13,60,0,0.33,IN,1700866225
268,chamzinka,54.4019,45.7839,-1.2,96,100,7.72,RU,1700866226
269,anloga,5.7947,0.8973,27.89,81,100,5.45,GH,1700866228
270,kavaratti,10.5669,72.642,28.28,74,89,3.68,IN,1700866229
271,belyy yar,53.6039,91.3903,-12.06,85,99,2.0,RU,1700866230
272,ugoofaaru,5.6667,73.0,25.63,87,100,4.67,MV,1700866231
273,itaberai,-16.0203,-49.8103,24.43,64,57,2.59,BR,1700866232
274,ancud,-41.8697,-73.8203,13.03,78,0,1.94,CL,1700866233
275,lazaro cardenas,17.9583,-102.2,27.75,68,2,3.08,MX,1700866234
276,vilyuchinsk,52.9306,158.4028,-2.26,81,100,4.16,RU,1700866236
277,sorong,-0.8833,131.25,26.76,83,83,2.19,ID,1700866237
278,sim,54.993,57.6982,-7.72,95,100,1.83,RU,1700866239
279,albertina,-22.2008,-46.6158,18.21,92,85,1.06,BR,1700866240
280,shingu,33.7333,135.9833,7.31,66,1,2.68,JP,1700866243
281,waingapu,-9.6567,120.2641,27.81,75,80,2.28,ID,1700866244
282,codrington,-38.2667,141.9667,17.17,86,48,4.2,AU,1700866245
283,bubaque,11.2833,-15.8333,28.42,58,2,4.78,GW,1700866246
284,zhangye,38.9342,100.4517,-1.95,38,20,1.97,CN,1700866247
285,rabo de peixe,37.8,-25.5833,18.73,99,100,3.09,PT,1700866248
286,jumla,29.2747,82.1838,3.73,46,31,1.74,NP,1700866250
287,sechenovo,55.2244,45.8906,-0.08,95,100,6.64,RU,1700866251
288,bikenibeu village,1.3673,173.1241,30.98,66,75,2.57,KI,1700866252
289,paracuru,-3.41,-39.0306,27.84,76,36,5.93,BR,1700866253
290,mormugao,15.4,73.8,25.59,83,75,2.06,IN,1700866255
291,wanning,18.8003,110.3967,23.12,87,89,5.35,CN,1700866256
292,muynoq,43.7683,59.0214,2.51,63,48,3.85,UZ,1700866257
293,aulendorf,47.95,9.6333,2.76,87,100,1.34,DE,1700866258
294,west monroe,32.5185,-92.1476,16.0,44,100,3.6,US,1700866148
295,jamestown,42.097,-79.2353,0.77,69,100,3.09,US,1700866126
296,fort bragg,35.139,-79.006,13.79,70,100,2.57,US,1700866262
297,marsh harbour,26.5412,-77.0636,25.05,76,83,1.88,BS,1700866097
298,chandler,33.3062,-111.8412,22.35,43,0,3.6,US,1700866264
299,eyl,7.9803,49.8164,25.49,69,96,6.3,SO,1700866265
300,thinadhoo,0.5333,72.9333,26.99,77,94,3.14,MV,1700866267
301,cuttack,20.465,85.8793,20.1,59,0,1.4,IN,1700866269
302,estevan,49.1334,-102.9842,-3.89,28,0,4.63,CA,1700866270
303,undurkhaan,47.3194,110.6556,-16.22,94,100,1.47,MN,1700866271
304,howrah,22.5892,88.3103,20.0,88,40,0.0,IN,1700866272
305,salalah,17.0151,54.0924,25.05,78,0,2.06,OM,1700866273
306,gusinoozyorsk,51.2833,106.5,-16.52,88,100,1.03,RU,1700866274
307,fortuna,40.5982,-124.1573,14.4,51,0,5.14,US,1700866275
308,la passe,45.5549,-0.8967,9.13,84,60,5.13,FR,1700866277
309,pacific grove,36.6177,-121.9166,18.55,46,0,4.47,US,1700866278
310,az zuwaytinah,30.9522,20.1202,19.79,56,2,8.25,LY,1700866279
311,minggang,32.4586,114.0486,4.58,44,94,3.62,CN,1700866280
312,chengzihe,45.3333,131.0667,-19.11,85,12,3.9,CN,1700866282
313,ilebo,-4.3167,20.5833,20.9,99,98,1.1,CD,1700866283
314,alva,56.1528,-3.8051,3.7,85,10,0.89,GB,1700866284
315,boguchany,58.3814,97.4531,-21.1,100,26,1.16,RU,1700866285
316,kendari,-3.945,122.4989,26.1,89,96,0.79,ID,1700866286
317,queenstown,-31.8976,26.8753,18.24,87,100,1.03,ZA,1700866287
318,sampit,-2.5333,112.95,23.56,98,100,0.82,ID,1700866289
319,cagsiay,14.2167,121.75,26.0,86,100,9.12,PH,1700866290
320,grambling,32.5276,-92.714,14.27,54,100,2.57,US,1700866291
321,vadso,70.0744,29.7487,0.49,80,75,6.69,NO,1700866293
322,quarai,-30.3875,-56.4514,18.39,74,82,4.94,BR,1700866294
323,santangpu,27.3987,111.9928,9.64,57,41,1.48,CN,1700866296
324,taro,-8.3862,115.28,23.0,89,93,0.25,ID,1700866297
325,antsiranana,-12.2787,49.2917,24.81,79,36,7.3,MG,1700866299
326,mala,-12.6581,-76.6308,20.57,81,73,3.72,PE,1700866300
327,keflavik,64.0049,-22.5624,4.24,100,100,9.77,IS,1700866301
328,inhambane,-23.865,35.3833,23.45,90,0,2.06,MZ,1700866302
329,lesneven,48.5723,-4.3213,10.12,87,100,1.54,FR,1700866303
330,usinsk,65.9939,57.5281,-14.82,92,91,3.85,RU,1700866304
331,saryozek,44.3583,77.9753,6.24,50,100,2.21,KZ,1700866305
332,akjoujt,19.6969,-14.4164,22.04,21,0,5.09,MR,1700866307
333,scottburgh,-30.2867,30.7532,22.25,95,90,3.91,ZA,1700866308
334,oytal,42.9057,73.2697,7.45,48,88,0.15,KZ,1700866309
335,ariquemes,-9.9133,-63.0408,23.71,89,87,0.8,BR,1700866310
336,georgetown,5.4112,100.3354,26.64,87,20,2.57,MY,1700866105
337,tofol,5.3248,163.0078,28.88,84,75,3.09,FM,1700866313
338,san-pedro,4.7485,-6.6363,26.41,84,70,3.56,CI,1700866315
339,punta arenas,-53.15,-70.9167,12.06,58,75,7.72,CL,1700866067
340,kabalo,-6.05,26.9167,19.65,99,98,1.27,CD,1700866317
341,magadan,59.5667,150.8,-18.37,86,100,5.93,RU,1700866318
342,el nido,11.1858,119.3956,27.98,81,94,8.0,PH,1700866320
343,laela,-8.5667,32.05,19.41,70,97,1.51,TZ,1700866321
344,sitka,57.0531,-135.33,8.94,93,100,0.0,US,1700866322
345,hamilton,39.1834,-84.5333,4.47,53,100,5.66,US,1700866297
346,happy valley-goose bay,53.3168,-60.3315,-9.83,62,20,8.75,CA,1700866324
347,sungai raya,0.7,108.9,25.5,89,100,0.99,ID,1700866326
348,lensk,60.7253,114.9278,-17.11,96,100,2.15,RU,1700866327
349,hilo,19.7297,-155.09,27.85,76,40,5.66,US,1700866328
350,nanning,22.8167,108.3167,20.25,79,100,2.21,CN,1700866314
351,turuntayevo,52.2,107.6167,-21.95,92,100,0.47,RU,1700866330
352,hafar al-batin,28.4328,45.9708,12.32,82,20,0.0,SA,1700866331
353,tynda,55.1667,124.7167,-28.87,94,27,1.68,RU,1700866332
354,beau vallon,-20.4189,57.6953,24.13,73,40,5.14,MU,1700866334
355,colonia,50.9333,6.95,4.36,84,20,5.14,DE,1700866335
356,fort st. john,56.2499,-120.8529,1.94,69,20,3.09,CA,1700866336
357,kulhudhuffushi,6.6221,73.07,26.34,82,100,4.63,MV,1700866338
358,padangsidempuan,1.3667,99.2667,21.85,99,99,0.57,ID,1700866339
359,matoury,4.8483,-52.3317,25.98,94,100,0.0,GF,1700866340
360,mount pearl,47.5166,-52.7813,3.51,88,0,5.14,CA,1700866341
361,joshimath,30.5667,79.5667,8.13,24,26,3.94,IN,1700866343
362,beaufort,5.3473,115.7455,23.98,95,78,1.0,MY,1700866344
363,funafuti,-8.5243,179.1942,32.0,70,75,1.03,TV,1700866345
364,dzilam gonzalez,21.2833,-88.9333,25.83,76,75,2.92,MX,1700866346
365,caraballeda,10.6112,-66.8522,29.04,70,40,1.03,VE,1700866347
366,kristiansund,63.1115,7.732,2.36,87,75,0.51,NO,1700866349
367,kidal,18.4411,1.4078,20.15,18,12,5.24,ML,1700866350
368,plastun,44.7561,136.2939,-12.15,54,4,6.69,RU,1700866351
369,lebu,-37.6167,-73.65,12.51,86,7,7.32,CL,1700866352
370,san patricio,28.017,-97.5169,20.4,71,85,4.56,US,1700866353
371,eydhafushi,5.1033,73.0708,25.49,87,100,2.72,MV,1700866354
372,newman,37.3138,-121.0208,16.13,33,0,4.02,US,1700866263
373,noyabrsk,63.1994,75.4507,-13.11,94,100,6.42,RU,1700866357
374,taunggyi,20.7833,97.0333,13.42,94,20,0.77,MM,1700866358
375,cova figueira,14.8905,-24.2934,23.42,71,1,6.65,CV,1700866359
376,verkhnevilyuysk,63.4453,120.3167,-34.38,100,99,1.92,RU,1700866360
377,karratha,-20.7377,116.8463,28.86,64,29,5.04,AU,1700866361
378,santa terezinha,-29.9002,-50.0904,17.53,70,70,3.64,BR,1700866363
379,abepura,-2.6333,140.5833,26.45,83,20,0.51,ID,1700866364
380,tovarkovskiy,53.6822,38.2092,-0.72,90,89,5.96,RU,1700866366
381,al-hamdaniya,36.2715,43.3737,12.0,58,0,1.16,IQ,1700866367
382,leh,34.1667,77.5833,-3.07,41,22,1.76,IN,1700866368
383,mundri,-6.9558,111.71,25.22,84,100,1.79,ID,1700866369
384,mankono,8.0586,-6.1897,26.28,60,94,1.85,CI,1700866371
385,wynyard,-41.0,145.7167,16.52,96,100,3.24,AU,1700866372
386,kuqa,41.7278,82.9364,2.22,51,64,1.78,CN,1700866373
387,senekal,-28.3197,27.6208,20.44,54,17,4.34,ZA,1700866374
388,madison,34.7334,-86.5667,12.89,54,0,3.6,US,1700866327
389,hailar,49.2,119.7,-29.83,97,35,3.12,CN,1700866376
390,grand-lahou,5.1367,-5.0242,26.76,84,22,4.41,CI,1700866377
391,tannum sands,-23.9504,151.3693,27.08,69,97,5.66,AU,1700866091
392,katsuura,35.1333,140.3,11.17,56,63,5.97,JP,1700866379
393,daru,-9.0763,143.2092,28.22,74,89,6.05,PG,1700866380
394,atar,20.5169,-13.0499,20.64,20,0,3.4,MR,1700866381
395,taroa,8.7058,171.2275,27.91,79,93,9.01,MH,1700866382
396,hadibu,12.65,54.0333,25.49,74,7,3.08,YE,1700866383
397,kralendijk,12.15,-68.2667,28.99,79,20,8.23,BQ,1700866385
398,vikhorevka,56.1201,101.1636,-16.23,87,100,1.2,RU,1700866386
399,naukot,24.8587,69.4024,21.91,26,88,3.9,PK,1700866387
400,mezhdurechenskiy,59.6,65.9333,-17.46,98,60,1.35,RU,1700866388
401,fale old settlement,-9.3852,-171.2468,28.31,77,100,7.61,TK,1700866389
402,bichura,50.5881,107.6022,-14.61,87,100,0.52,RU,1700866390
403,maxixe,-23.8597,35.3472,22.95,92,0,1.82,MZ,1700866391
404,damavand,35.7178,52.065,3.45,44,0,1.11,IR,1700866393
405,yeppoon,-23.1333,150.7333,23.88,65,100,5.76,AU,1700866394
406,hauterive,46.0901,3.4459,5.42,89,82,3.34,FR,1700866395
407,labrador city,52.9463,-66.9114,-14.05,78,100,5.66,CA,1700866396
408,tazovsky,67.4667,78.7,-22.23,92,15,5.12,RU,1700866397
409,ciudad constitucion,25.0369,-111.6644,25.95,30,32,5.64,MX,1700866399
410,alesund,62.4723,6.1549,7.09,78,40,8.75,NO,1700866400
411,orcutt,34.8653,-120.436,21.04,47,0,5.66,US,1700866401
412,sittwe,20.15,92.9,22.1,86,18,2.68,MM,1700866402
413,sokoni,-6.4333,39.55,26.73,84,23,5.82,TZ,1700866403
414,as sulayyil,20.4607,45.5779,22.14,38,38,2.94,SA,1700866404
415,saldanha,-33.0117,17.9442,15.03,80,13,7.57,ZA,1700866374
416,qamdo,31.1667,97.2333,-7.71,47,84,1.98,CN,1700866407
417,yakeshi,49.2833,120.7333,-31.36,100,100,1.34,CN,1700866408
418,kitimat,54.0524,-128.6534,4.95,67,69,0.74,CA,1700866409
419,black point,-34.6187,137.8972,17.81,69,25,3.72,AU,1700866410
420,marsala,37.7966,12.4352,14.41,94,40,2.57,IT,1700866412
421,paphos,34.7667,32.4167,16.88,67,15,4.12,CY,1700866413
422,ploneour-lanvern,47.9,-4.2833,10.16,87,100,1.03,FR,1700866414
423,prince rupert,54.3161,-130.3201,8.05,97,100,2.06,CA,1700866292
424,al 'amarah,31.8406,47.1396,14.82,41,0,3.69,IQ,1700866416
425,afaahiti,-17.75,-149.2833,28.93,86,100,10.94,PF,1700866417
426,honefoss,60.168,10.2565,0.84,78,81,1.93,NO,1700866418
427,balaka,-14.9793,34.9558,27.2,49,97,2.42,MW,1700866420
428,swift current,50.2834,-107.8014,-3.55,74,0,8.23,CA,1700866294
429,yeed,4.55,43.0333,26.2,69,100,2.43,SO,1700866422
430,lospalos,-8.5186,127.0025,25.39,73,99,1.2,TL,1700866423
431,antonio enes,-16.2325,39.9086,25.25,82,86,2.03,MZ,1700866424
432,macia,-25.0269,33.0989,23.28,65,0,0.65,MZ,1700866425
433,iskushuban,10.2837,50.23,22.39,80,12,3.2,SO,1700866427
434,chokwe,-24.5333,32.9833,26.25,53,0,3.19,MZ,1700866428
435,uchqurghon shahri,41.1137,72.0791,6.92,31,91,3.09,UZ,1700866302
436,loreto,22.2667,-101.9667,20.75,15,1,4.31,MX,1700866213
437,solleftea,63.1667,17.2667,-7.08,90,59,3.38,SE,1700866433
438,aioun,16.6614,-9.6149,23.69,17,2,2.97,MR,1700866434
439,yanta,36.2411,115.6672,0.54,30,39,1.72,CN,1700866436
440,lambakin,14.75,120.8667,27.34,75,39,4.5,PH,1700866437
441,luderitz,-26.6481,15.1594,17.0,79,0,10.38,NA,1700866438
442,punaauia,-17.6333,-149.6,29.8,70,40,3.09,PF,1700866440
443,chunskiy,56.0815,99.6342,-13.51,91,100,1.87,RU,1700866441
444,zaozersk,69.4005,32.4476,-1.1,96,100,7.78,RU,1700866442
445,balabac,7.9868,117.0645,27.8,82,93,6.58,PH,1700866444
446,liman,48.9884,37.8023,1.62,94,100,3.5,UA,1700866445
447,macusani,-14.0833,-70.4333,5.69,86,100,1.59,PE,1700866447
448,kununurra,-15.7667,128.7333,27.99,89,94,1.54,AU,1700866448
449,grand falls-windsor,48.9332,-55.6649,0.84,74,62,1.79,CA,1700866449
450,par naogaon,24.8029,88.9508,18.97,70,0,2.82,BD,1700866450
451,chui,-33.6971,-53.4616,11.82,73,1,3.2,UY,1700866452
452,aoulef,26.9667,1.0833,14.14,33,0,3.89,DZ,1700866453
453,island harbour,50.724,-1.2758,3.29,85,18,3.66,GB,1700866454
454,hithadhoo,-0.6,73.0833,26.77,81,83,3.72,MV,1700866455
455,puerto baquerizo moreno,-0.9,-89.6,25.55,94,75,3.6,EC,1700866419
456,vorkuta,67.5,64.0,-13.66,87,100,3.19,RU,1700866458
457,nesebar,42.7833,27.7333,10.49,91,100,1.21,BG,1700866459
458,nueva villa de padilla,24.0167,-98.7833,22.61,56,3,5.83,MX,1700866460
459,crane,31.3974,-102.3501,16.08,36,1,3.22,US,1700866461
460,santa cruz,-17.8,-63.1667,24.03,78,75,4.12,BO,1700866462
461,blenheim,-41.516,173.9528,16.4,43,24,3.13,NZ,1700866464
462,nantucket,41.2835,-70.0995,8.08,71,0,2.57,US,1700866465
463,aitape,-3.1374,142.3475,27.6,84,96,2.38,PG,1700866466
464,trondheim,63.4305,10.3951,2.03,94,67,2.83,NO,1700866468
465,shimoda,34.6667,138.95,11.72,60,67,6.83,JP,1700866469
466,dickson,36.077,-87.3878,11.64,62,0,5.14,US,1700866400
467,anina,45.0794,21.8569,4.21,74,99,0.98,RO,1700866471
468,port hedland,-20.3167,118.5667,26.03,89,65,2.57,AU,1700866472
469,port douglas,-16.4833,145.4667,26.21,76,98,3.41,AU,1700866185
470,tselinnoye,53.0833,85.6667,-0.06,91,100,2.15,RU,1700866475
471,levuka,50.1834,-105.4011,-2.15,59,20,8.23,CA,1700866476
472,ikalamavony,-21.15,46.5833,19.6,73,16,4.11,MG,1700866477
473,gulf shores,30.246,-87.7008,17.03,72,100,3.6,US,1700866395
474,aras-asan,8.8908,126.3033,26.28,84,100,1.07,PH,1700866479
475,palma sola,-23.9634,-64.2987,19.41,39,81,1.66,AR,1700866480
476,l'govskiy,51.6307,35.2775,0.31,96,100,6.14,RU,1700866482
477,alakurtti,66.9672,30.3491,-6.53,92,100,3.51,RU,1700866483
478,pocoes,-14.5297,-40.3653,22.47,73,78,3.3,BR,1700866254
479,manjeshvar,12.7,74.8833,25.66,87,100,2.1,IN,1700866485
480,cidreira,-30.1811,-50.2056,17.53,65,48,4.53,BR,1700866486
481,uige,-7.6087,15.0613,19.24,99,66,0.61,AO,1700866487
482,baissa,7.2333,10.6333,25.58,69,98,0.93,NG,1700866488
483,garissa,-0.4536,39.6401,26.53,77,100,1.71,KE,1700866490
484,babruysk,53.15,29.2333,-0.08,88,100,5.81,BY,1700866491
485,cabo san lucas,22.8909,-109.9124,28.67,67,44,1.55,MX,1700866434
486,vrangel',42.7297,133.0839,-8.89,55,15,7.24,RU,1700866493
487,vernon,50.2581,-119.2691,2.94,77,40,1.03,CA,1700866496
488,tanabe,33.7333,135.3667,9.56,61,20,6.69,JP,1700866497
489,zouerate,22.7187,-12.4521,18.96,23,0,3.13,MR,1700866498
490,ati,13.2154,18.3353,28.13,21,100,4.2,TD,1700866500
491,san antonio de pale,-1.4014,5.6325,26.62,79,100,2.61,GQ,1700866501
492,mugia,43.1041,-9.2179,7.73,72,5,0.63,ES,1700866502
493,sola,-13.8833,167.55,25.93,67,91,6.76,VU,1700866504
494,ponta delgada,37.7333,-25.6667,19.4,100,100,3.09,PT,1700866289
495,muli,2.9167,73.5667,26.25,81,100,3.88,MV,1700866506
496,nagqu,31.5,92.0,-6.81,47,88,2.82,CN,1700866509
497,pirallahi,40.4723,50.333,15.08,81,78,10.78,AZ,1700866510
498,barth,54.3635,12.7249,3.92,68,27,10.26,DE,1700866511
499,kattivakkam,13.2167,80.3167,26.15,89,100,5.91,IN,1700866513
500,urengoy,65.9667,78.3667,-19.57,82,6,5.56,RU,1700866514
501,kapa'a,22.0752,-159.319,28.99,77,75,3.09,US,1700866515
502,jiayuguan,39.8167,98.3,-1.97,37,77,0.5,CN,1700866516
503,ribeira brava,32.65,-17.0667,20.56,77,77,1.48,PT,1700866517
504,puerto armuelles,8.2833,-82.8667,27.87,82,72,3.13,PA,1700866519
505,cortez,37.3489,-108.5859,3.42,86,100,7.2,US,1700866520
506,san jeronimo de juarez,17.1333,-100.4667,27.87,67,2,1.84,MX,1700866521
507,ad dabbah,18.05,30.95,25.32,15,15,3.81,SD,1700866522
508,palora,-1.7,-77.9333,25.06,92,98,0.33,EC,1700866524
509,zajecar,43.9036,22.2641,6.43,94,100,2.0,RS,1700866525
510,mili,6.0815,171.735,28.43,80,98,6.84,MH,1700866526
511,novyy urengoy,66.0833,76.6333,-19.86,86,10,5.85,RU,1700866527
512,saint-georges,12.0564,-61.7485,27.82,89,20,7.72,GD,1700866247
513,colchani,-20.3,-66.9333,15.19,40,18,5.52,BO,1700866529
514,yigo village,13.5361,144.8886,28.62,80,75,6.69,GU,1700866531
515,bunia,1.5667,30.25,18.58,87,97,0.56,CD,1700866532
516,kalispell,48.1958,-114.3129,2.02,57,0,3.09,US,1700866533
517,salekhard,66.53,66.6019,-12.62,95,100,6.94,RU,1700866534
518,barra do garcas,-15.89,-52.2567,29.32,65,40,5.14,BR,1700866536
519,broome,42.2506,-75.833,-1.35,69,75,3.6,US,1700866537
520,bamyan,34.75,67.25,0.07,55,100,2.71,AF,1700866538
521,albina,5.5,-54.05,25.69,85,86,2.13,SR,1700866539
522,jefferson,38.1834,-85.65,7.22,62,75,4.12,US,1700866540
523,marietta,33.9526,-84.5499,14.83,59,0,3.09,US,1700866417
524,yanykurgan,43.915,67.2481,3.21,63,76,2.78,KZ,1700866543
525,dryden,49.7833,-92.7503,-2.84,39,20,6.69,CA,1700866544
526,new norfolk,-42.7826,147.0587,15.95,66,100,0.7,AU,1700866546
527,kailua-kona,19.6406,-155.9956,28.46,74,20,4.12,US,1700866547
528,lawrence,38.9717,-95.2353,2.51,44,0,5.66,US,1700866548
529,hotan,37.0997,79.9269,2.74,30,1,1.35,CN,1700866549
530,weno,7.4515,151.8468,28.97,79,75,4.12,FM,1700866551
531,san antonio,29.4241,-98.4936,19.19,53,0,5.66,US,1700866287
532,atrauli,28.0333,78.2833,16.81,39,6,1.28,IN,1700866556
533,namibe,-15.1961,12.1522,24.05,85,84,0.72,AO,1700866557
534,wabag,-5.4781,143.7021,19.84,62,64,1.13,PG,1700866558
535,cockburn town,21.4612,-71.1419,27.45,78,38,8.85,TC,1700866560
536,olmos,-5.9847,-79.7453,23.83,50,56,3.71,PE,1700866561
537,kismayo,-0.3582,42.5454,26.97,78,100,3.42,SO,1700866562
538,beltran,-27.8291,-64.061,24.16,33,16,3.98,AR,1700866564
539,khorinsk,52.1657,109.7726,-20.04,95,100,0.97,RU,1700866565
540,prainha,-1.8,-53.48,31.02,40,90,1.56,BR,1700866566
541,keetmanshoop,-26.5833,18.1333,24.51,60,87,2.57,NA,1700866567
542,carnarvon,-24.8667,113.6333,21.42,77,2,3.66,AU,1700866568
543,sinabang,2.4803,96.3801,25.81,84,95,2.77,ID,1700866570
544,nar'yan-mar,67.6713,53.087,-9.94,94,100,4.92,RU,1700866571
545,cuntis,42.634,-8.5626,9.59,97,7,0.94,ES,1700866572
546,prachuap khiri khan,12.2167,99.75,19.97,91,23,1.45,TH,1700866573
547,goure,13.9835,10.2704,23.56,24,98,1.12,NE,1700866574
548,cam ranh,11.9214,109.1591,25.98,65,75,4.12,VN,1700866575
549,rongelap,11.1635,166.8941,27.83,69,25,8.9,MH,1700866577
550,crucecita,-28.95,-58.9833,21.14,64,88,3.79,AR,1700866578
551,kurumkan,54.3,110.3,-22.2,88,59,1.38,RU,1700866579
552,soledade,-28.8183,-52.5103,14.52,82,74,3.21,BR,1700866580
553,jackson,42.4165,-122.8345,12.23,42,0,2.06,US,1700866340
554,rio grande,-32.035,-52.0986,18.06,67,0,5.55,BR,1700866335
555,turpan,42.9333,89.1667,1.55,36,25,1.24,CN,1700866584
556,fuyuan,46.4333,127.0833,-26.69,98,5,2.38,CN,1700866585
557,nadym,65.5333,72.5167,-14.58,93,100,7.42,RU,1700866586
558,siwa oasis,29.2041,25.5195,18.96,30,85,3.37,EG,1700866587
559,serhiyivka,46.0272,30.3768,7.57,71,100,3.66,UA,1700866590
560,touros,-5.1989,-35.4608,26.18,74,76,6.38,BR,1700866400
561,kirakira,-10.4544,161.9205,28.69,78,91,3.9,SB,1700866592
562,simpang,-1.2667,104.0833,23.65,98,100,1.68,ID,1700866593
563,pangkalanbuun,-2.6833,111.6167,24.09,97,100,0.94,ID,1700866594
564,upington,-28.4478,21.2561,26.21,44,100,0.51,ZA,1700866596
565,ceelbuur,4.685,46.6176,25.19,66,100,3.42,SO,1700866597
566,san rafael del sur,11.8485,-86.4384,29.54,77,70,4.89,NI,1700866598
567,tindouf,27.6711,-8.1474,15.25,26,0,2.06,DZ,1700866599
568,suntar,62.1444,117.6319,-26.61,100,99,0.91,RU,1700866600
569,ambodifotatra,-16.9833,49.85,25.41,80,100,8.04,MG,1700866603
570,kafanchan,9.5833,8.3,23.89,65,99,1.2,NG,1700866604
571,acapulco de juarez,16.8634,-99.8901,27.97,66,1,2.19,MX,1700866487
572,taza,34.25,-3.75,12.46,40,1,2.74,MA,1700866506
573,wenatchee,47.4235,-120.3103,10.92,52,0,1.79,US,1700866226
574,yelizovo,53.1873,158.3805,-2.33,79,75,5.0,RU,1700866609
575,bodo,67.28,14.405,-4.01,74,0,6.17,NO,1700866610
576,las heras,-46.5419,-68.9359,25.4,17,0,2.21,AR,1700866611
577,murghob,38.1702,73.9667,-9.43,48,84,1.55,TJ,1700866612
578,mwinilunga,-11.7358,24.4293,15.75,92,87,0.62,ZM,1700866614
579,chinchilla,-26.75,150.6333,18.81,75,100,4.01,AU,1700866615
580,tafresh,34.692,50.013,5.7,47,0,2.44,IR,1700866616
581,rong'an,26.1247,119.1214,13.1,74,85,1.2,CN,1700866617
582,talara,-4.5772,-81.2719,26.42,65,0,7.2,PE,1700866477
583,northam,51.0333,-4.2167,4.78,81,41,2.59,GB,1700866619
584,javanrud,34.7961,46.5172,5.35,42,0,0.7,IR,1700866620
585,sungai penuh,-2.0833,101.3833,16.93,97,100,0.17,ID,1700866622
